PressureSensor 0,PressureSensor 1,PressureSensor 2,PressureSensor 3,PressureSensor 4,PressureSensor 5,PressureSensor 6,PressureSensor 7,PressureSensor 8,PressureSensor 9,PressureSensor 10,PressureSensor 11,PressureSensor 12,PressureSensor 13,PressureSensor 14,PressureSensor 15,PressureSensor 16,PressureSensor 17,PressureSensor 18,PressureSensor 19,PressureSensor 20,PressureSensor 21,PressureSensor 22,PressureSensor 23,PressureSensor 24,PressureSensor 25,PressureSensor 26,PressureSensor 27,PressureSensor 28,PressureSensor 29,PressureSensor 30,PressureSensor 31,AccelerometerX,AccelerometerY,AccelerometerZ,GyroscopeX,GyroscopeY,GyroscopeZ,copX,copY,sumP
32,34,31,40,32,31,31,31,32,34,121,36,31,31,34,32,31,31,31,31,31,31,31,32,31,31,31,31,32,32,31,31,-8587,5985,8331,-1883,10326,229,81.9613309352518,227.9586330935252,1112
32,34,31,40,32,31,31,31,31,33,113,36,32,33,35,32,31,32,32,32,32,32,31,31,32,32,31,31,32,31,31,31,-6113,5486,5374,-629,12152,-1246,82.18496849684969,228.5130513051305,1111
32,33,31,39,32,31,31,31,31,34,117,36,31,31,34,32,31,31,31,32,33,32,31,31,32,32,32,32,32,31,31,32,-4991,4751,5267,2176,13839,-1965,82.21627697841727,228.93075539568343,1112
32,35,31,40,31,31,31,31,32,34,118,36,31,32,35,32,32,32,31,32,32,31,33,31,31,32,32,31,32,32,31,31,-4991,4751,5267,2176,13839,-1965,82.15026833631485,228.04203935599284,1118
32,34,31,40,31,31,32,31,32,33,115,36,31,32,35,33,31,32,32,32,31,32,32,32,32,32,32,31,32,32,32,32,-3381,2762,5807,5020,15375,-2573,82.24105545617174,229.01475849731665,1118
32,34,31,39,31,31,31,31,32,33,145,36,31,32,34,32,29,32,32,31,32,31,32,32,33,32,31,31,31,32,32,31,-2453,1530,6259,5882,16211,-3302,81.99209833187007,228.6852502194908,1139
32,34,31,40,32,32,32,31,31,33,162,36,31,32,34,32,27,31,31,31,31,32,31,32,31,31,31,31,32,32,31,31,-1748,1227,7500,6037,16911,-4058,81.64943527367507,227.88705473501304,1151
32,34,31,40,32,32,31,32,32,33,173,36,31,32,35,32,31,31,31,31,31,31,31,31,33,32,31,31,32,33,32,32,-876,911,8993,5804,17808,-5001,81.56911262798634,228.3528156996587,1172
32,34,31,39,31,32,31,32,31,34,186,36,31,32,34,32,32,31,31,31,31,31,31,32,31,31,31,32,33,32,31,32,-324,1248,9878,5432,18680,-5904,81.59060118543607,227.3255715495343,1181
32,34,31,40,32,31,31,31,32,34,213,37,32,31,34,31,31,31,31,31,31,31,31,31,31,32,31,31,33,31,31,32,-324,1248,9878,5432,18680,-5904,81.34452736318408,226.66873963515755,1206
32,34,31,40,32,33,32,32,31,33,232,37,32,32,34,32,32,31,31,32,32,32,31,31,32,31,32,31,32,32,31,31,-567,1054,14228,4780,19214,-6666,81.41443633414437,226.0352798053528,1233
32,34,31,40,32,32,31,32,32,34,240,36,31,32,34,33,32,32,31,31,31,32,31,32,31,31,31,31,31,32,32,32,1538,2866,14403,6392,19808,-6392,81.27966101694915,225.7772397094431,1239
32,34,31,39,31,32,31,31,32,33,243,36,32,31,34,31,31,31,31,31,32,31,31,31,32,31,31,32,32,32,31,32,2778,2314,16257,6385,19936,-6371,81.29797570850202,226.5651821862348,1235
32,34,32,40,32,33,31,31,31,34,237,36,31,31,34,32,31,32,32,32,32,32,32,31,31,31,31,31,32,31,31,32,4871,3854,18338,4758,19872,-7143,81.44696356275304,225.2246963562753,1235
33,35,31,39,31,31,31,32,32,33,232,37,32,33,35,32,32,32,31,31,32,31,31,32,32,31,31,31,31,31,31,32,4871,3854,18338,4758,19872,-7143,81.32006498781479,226.00365556458163,1231
32,34,32,40,32,32,32,32,32,33,232,36,32,32,35,32,32,32,32,32,32,32,31,33,31,31,32,31,32,32,31,31,9105,5896,20647,4030,19449,-8123,81.55537590945836,225.3815683104285,1237
33,34,31,40,32,32,31,31,31,33,239,36,32,32,35,32,32,32,31,33,32,32,31,31,32,32,31,31,32,32,31,31,15885,6486,21929,4674,18458,-8103,81.51854838709677,225.7379032258065,1240
32,34,31,39,31,31,31,31,32,32,341,36,32,32,34,31,32,31,30,31,31,32,31,32,32,33,31,32,32,32,32,32,25608,3848,20800,4867,15912,-7088,81.0127245508982,225.64184131736528,1336
32,34,30,40,31,33,32,31,32,33,402,37,32,32,34,32,31,31,30,32,32,32,31,31,31,32,31,32,31,31,31,32,30082,4224,14938,6756,12805,-5773,80.52682403433477,223.84191702432045,1398
32,34,30,39,31,31,208,32,31,32,442,31,32,31,33,32,31,32,30,31,32,31,31,32,32,32,31,32,32,32,31,32,32764,-6164,4255,8768,7269,-3769,82.92461059190032,218.4809968847352,1605
32,34,30,39,32,39,181,31,31,31,497,32,32,31,33,31,32,31,31,32,32,31,31,32,32,33,31,32,31,31,31,31,32764,-6164,4255,8768,7269,-3769,82.3780487804878,218.0707317073171,1640
32,35,31,40,32,33,32,31,33,33,408,36,32,32,34,31,31,32,31,32,32,32,32,32,31,32,30,33,155,78,31,31,32764,-14271,10626,3331,-2458,-3069,81.22626582278481,241.40854430379747,1580
31,32,30,37,31,29,31,30,31,32,305,32,30,389,33,29,29,29,30,28,30,28,30,28,1056,894,283,1260,574,684,528,1205,-2322,-2042,8548,-7164,-11129,193,85.13474770642202,413.3794597349643,7848
24,26,29,27,28,24,26,24,48,25,164,25,184,975,28,24,24,24,28,23,28,23,26,24,2290,2235,1105,2536,977,1674,1712,2367,-4125,763,13115,-7945,-10855,1452,86.18176670441676,435.31197472730526,16777
22,24,26,24,26,48,24,22,140,23,191,22,437,1062,26,23,23,22,25,22,26,21,24,22,2534,2655,1839,2874,1282,1981,2104,2776,2943,1235,22290,-3505,-14119,3407,86.15503190967108,433.7771968581247,20370
22,22,23,23,23,92,24,21,191,84,175,42,1048,1199,26,27,22,22,23,21,23,20,24,21,2573,2773,2329,2960,1521,2002,2172,2879,2943,1235,22290,-3505,-14119,3407,85.09952289650867,429.40522584384894,22427
22,22,22,23,21,129,25,21,296,167,218,69,1592,1255,26,170,23,21,22,21,21,20,25,21,2349,2747,2522,2937,1517,1999,1936,2805,1036,4566,12923,-1411,-10741,4034,83.51491501907735,422.4829604578564,23064
22,22,22,23,44,205,133,21,654,334,340,207,1655,1264,132,330,22,21,22,20,49,20,25,21,2174,2647,2525,2825,1546,1968,1706,2708,2147,4231,11607,-3017,-6250,1032,81.22605137723035,409.3358079892015,23707
22,22,22,23,64,312,416,32,806,478,484,375,1641,1217,225,458,22,21,60,18,72,20,25,60,2095,2578,2517,2716,1583,1941,1356,2563,551,1878,10625,-2963,-1717,-50,80.41098828576142,395.73121184623,24244
22,22,57,23,64,380,746,91,902,574,565,453,1643,1197,297,530,22,21,114,18,97,60,208,155,2039,2529,2380,2693,1608,1880,1101,2403,102,2493,8785,-2005,-402,-15,80.61550976138828,382.18148951554593,24894
22,21,76,23,81,436,957,122,957,619,641,533,1624,1148,292,561,22,21,135,20,127,109,264,224,1992,2495,2302,2625,1586,1823,863,2307,-295,2348,8488,-1260,-213,109,80.8815326833946,373.30669649992006,25028
22,22,110,23,102,475,1101,173,1024,664,708,578,1602,1150,348,578,22,21,169,18,194,148,333,261,1873,2462,2213,2564,1544,1761,691,2201,-295,2348,8488,-1260,-213,109,80.78391969787319,364.593043132578,25155
22,25,129,23,134,527,1193,206,1211,716,777,649,1590,1156,398,614,23,38,190,18,215,185,409,297,1677,2361,2092,2472,1509,1675,558,2095,-217,1976,8695,-661,-324,206,79.95258894536214,355.09515962515883,25184
22,31,152,24,167,579,1238,241,1371,817,855,705,1580,1173,431,654,24,44,206,18,257,204,451,322,1439,2218,1971,2352,1443,1573,467,1964,-438,2222,8470,-58,-520,227,78.73108470371704,345.6083103268915,24993
22,38,177,24,190,651,1306,292,1534,952,931,798,1586,1168,462,704,26,45,231,19,280,231,472,348,1219,2039,1783,2184,1371,1446,354,1799,-354,2240,8226,227,-758,275,77.15217567458066,334.42948302406614,24682
23,42,212,25,227,746,1353,354,1710,1120,1030,928,1575,1165,519,751,27,46,266,20,314,261,481,354,931,1822,1567,1946,1280,1279,208,1599,-266,2372,8144,248,-952,261,75.0214424548199,320.2923369587693,24181
23,48,236,26,263,853,1416,435,1883,1263,1145,1081,1552,1126,556,782,27,67,301,22,352,296,485,391,650,1601,1343,1645,1204,1115,87,1371,-266,2372,8144,248,-952,261,73.04899555931486,304.4263692112497,23645
23,54,262,27,303,971,1451,523,2053,1432,1248,1229,1509,1028,573,806,28,59,330,25,401,339,509,440,420,1349,1126,1361,1074,1011,40,1120,-209,2330,8043,111,-1027,289,71.07747362048089,288.39986594014874,23124
24,63,295,28,378,1100,1478,629,2160,1585,1333,1370,1429,882,575,807,28,112,363,27,451,398,519,519,250,1083,934,1076,986,898,26,819,-166,2416,7890,-111,-948,360,69.80629834254144,270.97111602209947,22625
24,71,346,29,459,1235,1492,719,2275,1705,1393,1513,1323,746,581,768,31,113,403,34,520,465,532,634,76,880,772,827,882,761,23,589,-50,2249,7972,-370,-817,393,68.78821835200937,254.2051887853832,22221
45,82,398,30,522,1356,1503,838,2307,1824,1454,1613,1180,630,591,681,32,137,441,26,597,553,554,750,48,699,635,634,836,604,23,320,28,2119,8077,-374,-744,359,68.73344574579592,238.87961992434944,21943
48,91,448,30,595,1447,1521,954,2325,1942,1493,1680,1027,535,564,611,54,167,474,31,674,613,588,835,23,529,510,512,761,525,24,144,53,2202,8072,-281,-659,298,68.7560045924225,225.9382548794489,21775
48,101,510,32,672,1521,1528,1038,2338,2024,1532,1759,883,428,565,551,75,201,512,31,755,701,602,881,24,409,415,376,700,464,23,88,53,2202,8072,-281,-659,298,68.91556891724423,215.73470418139257,21787
46,99,584,32,740,1609,1549,1081,2349,2087,1511,1833,769,296,565,481,108,252,579,49,815,790,612,968,23,353,345,219,661,392,23,48,98,2278,7937,-279,-583,280,69.69201573074812,206.09689957929396,21868
49,111,613,37,795,1682,1579,1143,2339,2099,1509,1922,646,201,537,479,174,301,622,34,884,878,674,1062,23,287,310,87,638,301,22,23,64,2281,8050,-333,-526,309,70.73591405647976,197.94596799782423,22061
54,125,672,45,889,1734,1585,1181,2289,2171,1508,1977,552,159,556,419,314,344,663,61,956,945,711,1148,23,236,269,25,567,225,22,22,109,2235,8186,-352,-548,332,71.83763977368913,190.4944536018176,22447
76,129,738,84,972,1779,1612,1200,2231,2237,1496,1999,442,96,536,381,449,376,712,56,1020,1066,747,1238,22,138,207,23,495,169,22,22,150,2212,8355,-302,-731,377,73.13563899868248,183.00621431708387,22770
79,130,817,124,1073,1824,1636,1190,2163,2288,1493,1988,349,36,537,298,619,455,764,99,1090,1143,790,1396,22,61,125,23,436,100,21,22,150,2212,8355,-302,-731,377,74.98311845112327,175.03225389159587,23191
108,145,881,170,1196,1843,1698,1248,2070,2295,1487,1969,221,21,477,227,790,552,821,157,1168,1244,817,1538,22,19,67,23,322,50,22,21,118,2310,8406,-201,-1077,516,77.10010975558276,167.10055299928237,23689
178,190,936,248,1325,1847,1749,1281,2027,2250,1471,1921,114,21,413,173,920,638,861,226,1256,1339,862,1666,21,19,31,23,223,21,21,21,148,2646,8554,-11,-1525,804,79.12650255228058,160.77080931994072,24292
225,208,987,324,1419,1827,1824,1307,1883,2193,1428,1856,47,21,328,129,1053,750,923,297,1306,1423,888,1755,21,19,23,23,167,21,21,21,354,2555,9034,576,-2134,1435,81.35277339482947,155.9397378322612,24717
251,235,1011,406,1493,1794,1905,1311,1789,2109,1382,1784,26,21,260,52,1166,878,969,384,1360,1492,882,1834,21,19,20,23,119,20,21,20,374,2494,9411,322,-3762,1685,83.3338588019316,151.79353074989024,25057
317,271,1058,483,1534,1778,1981,1333,1654,2010,1314,1637,23,21,146,25,1294,1011,1020,471,1395,1550,869,1895,20,20,20,23,50,20,22,20,591,2290,9728,237,-5685,1893,85.44281194384023,147.14516511765868,25285
409,312,1103,560,1588,1746,2095,1343,1532,1911,1198,1423,22,21,73,21,1366,1104,1080,535,1418,1600,699,1930,20,20,20,23,21,20,22,20,591,2290,9728,237,-5685,1893,86.98422094634726,142.9148485448426,25255
471,341,1166,766,1597,1704,2133,1332,1408,1844,1072,1070,22,21,23,21,1430,1184,1140,632,1414,1653,642,1956,20,20,20,24,21,20,22,20,799,2275,10032,367,-8558,2098,88.78160577571502,138.36328295450036,25209
565,369,1259,1071,1613,1646,2063,1331,1270,1778,850,496,22,21,24,21,1488,1265,1236,757,1422,1725,518,1977,20,20,20,24,21,20,23,20,1452,3100,9812,347,-11844,2518,90.8945501903426,131.79136445602083,24955
668,408,1342,1299,1615,1536,1930,1328,1014,1651,635,228,22,21,25,21,1594,1341,1313,768,1428,1803,488,1991,21,20,21,24,21,20,24,20,904,4057,12279,-1019,-13480,3350,93.17595373376624,126.59935064935064,24640
782,448,1406,1400,1589,1294,1733,1305,701,1486,515,84,22,21,26,21,1720,1429,1371,838,1430,1992,505,2001,21,20,21,24,21,21,24,20,823,5831,14014,-2733,-18008,5224,96.1884236960191,122.06745296611912,24291
846,529,1378,1485,1424,905,1341,1250,515,1149,472,28,22,22,27,21,1760,1542,1398,872,1479,2138,632,2009,21,21,21,24,22,22,25,21,823,5831,14014,-2733,-18008,5224,99.6058024849494,118.48012467443748,23421
873,717,1294,1518,826,775,1196,898,497,743,503,21,24,23,27,22,1802,1594,1313,870,1465,1900,756,1940,21,21,21,24,24,23,25,22,2310,7260,16726,-6088,-24193,7775,102.49219395720452,116.17887317476352,21778
863,769,782,1540,485,719,1092,1010,372,587,850,21,26,24,27,24,1847,1289,857,769,1054,1505,804,1306,21,21,24,25,27,25,26,24,6130,7495,23661,-8085,-28979,9443,100.33098591549296,116.4365134201435,18815
1052,629,405,1436,303,563,919,738,265,418,620,23,28,26,29,27,1575,495,617,446,807,1025,353,915,22,20,27,25,29,27,28,27,7716,5690,23914,-6921,-29158,9397,97.78055176377612,113.23791220633666,13919
985,201,216,803,117,408,513,168,268,108,326,25,30,29,32,29,765,310,381,137,402,551,136,653,26,22,29,30,30,29,30,29,2195,6537,19807,-2559,-24990,8459,100.52385520593502,117.62228191353287,7818
128,34,31,40,31,102,167,30,109,31,226,32,31,32,33,31,45,42,32,38,70,32,31,254,30,31,31,31,33,31,31,31,-4235,7290,14980,2740,-19694,9394,90.81951089845826,191.96251993620416,1881
31,34,31,40,32,31,31,31,34,35,231,36,32,31,34,31,29,31,31,31,31,31,31,31,31,31,31,31,31,33,31,31,-4235,7290,14980,2740,-19694,9394,81.01924651924652,226.4131859131859,1221
31,34,31,40,31,31,31,31,32,34,30,37,32,32,35,32,32,32,33,32,31,31,33,32,32,32,32,31,31,31,33,31,-10189,5494,9283,1997,-16003,10844,82.77686350435624,230.6568247821878,1033
31,34,31,40,32,31,31,31,31,33,32,36,31,31,34,31,31,32,32,31,31,31,33,31,32,32,32,31,31,31,33,31,-9326,8408,13622,957,-3557,9148,82.88780487804878,230.7678048780488,1025
33,34,32,41,31,32,32,32,31,32,36,36,31,32,36,32,31,31,35,31,31,32,32,32,31,31,32,31,33,32,31,32,-9072,4700,8946,2162,8183,5281,82.81604226705092,229.58117195004803,1041
33,35,32,40,31,31,31,32,33,33,36,37,31,32,35,32,31,31,35,31,31,31,32,31,31,31,32,32,32,32,31,32,-5211,3602,6230,1163,11871,1497,82.4860576923077,229.7918269230769,1040
32,34,32,40,32,31,31,32,32,34,38,36,31,31,35,32,32,31,34,31,31,32,32,31,31,31,31,32,33,32,31,31,-5211,3602,6230,1163,11871,1497,82.63137632338787,229.43455245428297,1039
32,34,32,39,31,31,31,31,32,34,40,36,32,32,35,31,32,31,36,31,31,32,32,32,32,31,31,32,32,32,31,31,-4174,4333,4914,1252,12496,-1458,82.81813819577735,229.74184261036467,1042
31,34,31,39,32,31,31,31,31,33,38,36,31,32,35,32,32,32,37,32,32,32,32,32,32,32,32,32,31,32,32,31,-2829,4282,5926,4087,13794,-3579,83.10450623202301,230.04697986577185,1043
32,34,32,41,32,31,31,31,32,34,39,37,32,31,35,32,31,32,34,31,31,31,33,32,32,31,31,31,31,31,31,31,-1515,2702,7488,6557,15918,-5377,82.66586538461539,228.9971153846154,1040
31,34,31,39,31,32,31,31,31,33,41,36,32,31,34,32,31,31,36,31,31,31,32,31,31,32,31,31,31,31,31,31,-446,1988,8344,6872,17515,-6945,82.74152952565343,229.71539206195547,1033
32,34,32,40,32,31,31,32,31,34,42,36,32,32,35,32,31,31,36,32,31,32,33,32,31,32,32,31,31,32,31,31,397,2438,9101,6403,18390,-7632,82.80229226361031,229.1723973256925,1047
32,34,31,39,32,31,31,31,31,33,51,36,32,31,35,32,31,31,38,32,32,32,32,31,31,31,32,31,32,32,31,31,397,2438,9101,6403,18390,-7632,82.82889733840304,229.0161596958175,1052
32,34,31,40,33,32,31,31,32,34,109,37,32,32,35,32,32,32,31,32,32,32,31,32,31,31,31,31,31,32,31,32,1725,2791,10684,6975,19094,-7265,82.04680468046804,227.8708370837084,1111
32,35,31,39,32,32,31,31,32,33,141,36,32,31,35,32,32,33,32,31,31,31,31,31,33,32,31,31,32,33,33,31,2900,2667,12404,7955,19566,-6452,81.97812773403325,228.5971128608924,1143
31,35,32,40,32,33,32,31,31,33,159,36,32,32,35,32,31,31,31,32,31,31,31,31,31,32,31,31,32,31,32,31,3972,2462,14336,8470,19971,-5710,81.63884083044982,227.5774221453287,1156
31,34,31,40,31,31,31,31,31,33,165,36,31,32,34,31,31,31,31,31,31,31,31,31,31,31,32,32,32,32,31,31,5728,1906,16052,7905,20056,-5571,81.77146574154379,227.95663486556808,1153
31,34,31,39,31,31,31,31,32,33,165,36,31,31,35,32,31,31,31,31,31,31,31,31,31,32,31,31,32,32,31,32,5728,1906,16052,7905,20056,-5571,81.66291161178509,228.08882149046795,1154
32,34,31,40,32,31,31,32,31,33,167,36,31,31,35,31,31,31,31,31,31,32,32,32,32,31,31,31,32,32,31,32,7574,2540,17288,6217,19482,-6756,81.84969853574505,227.34840654608092,1161
32,34,32,41,32,32,32,32,31,33,188,37,32,31,35,32,31,31,31,31,31,31,31,31,32,31,31,31,31,31,32,31,10753,4373,18522,5190,18479,-8739,81.4539695945946,226.68116554054052,1184
32,34,31,41,32,31,31,32,31,33,228,37,32,32,34,32,32,31,32,32,31,32,32,32,31,31,31,31,31,31,31,31,15110,4261,18576,6069,16914,-9460,81.48693877551021,225.2991836734694,1225
32,34,30,40,31,32,32,32,31,33,315,37,31,31,35,32,32,31,30,32,33,31,31,32,32,33,31,32,32,31,31,31,18875,2406,16207,6544,14354,-8516,81.0982482863671,224.95049504950492,1313
31,35,31,40,32,32,31,32,31,33,374,36,32,31,35,31,31,31,30,31,33,33,31,32,33,31,30,31,32,32,32,33,22699,-1381,11889,6720,11149,-7566,80.7177713037145,224.42971595047345,1373
32,35,31,40,32,32,49,32,31,32,417,34,32,32,35,32,31,31,30,32,32,33,32,31,31,31,30,31,31,31,31,31,22699,-1381,11889,6720,11149,-7566,80.85038542396636,222.18465311843028,1427
31,34,30,40,31,32,93,31,32,32,476,31,32,33,35,32,32,32,30,31,32,31,31,31,31,31,30,31,32,32,30,31,32743,-4947,7840,6092,7614,-6549,81.23407747866054,220.7462245567958,1523
31,35,31,39,32,46,31,32,48,33,470,35,31,31,35,32,32,32,30,31,32,32,32,32,31,31,30,31,32,31,31,31,32764,-12174,3433,2713,643,-4775,79.56162089752176,221.34125920964505,1493
31,34,30,40,31,32,31,32,140,33,375,37,31,31,35,32,31,32,31,32,31,31,32,32,33,34,30,202,250,262,31,31,5843,-163,4822,-4126,-6510,-2102,79.21333333333334,280.4947619047619,2100
29,31,30,32,29,27,30,28,50,29,229,29,29,769,33,28,28,28,29,25,29,25,29,26,1540,1259,595,1911,781,1196,855,1729,-8022,2575,15716,-7086,-10410,1169,84.97325692454632,425.58326821220805,11517
24,25,27,25,28,23,26,23,107,24,155,24,277,994,28,24,23,23,27,22,27,22,26,23,2284,2374,1249,2678,1131,1847,1679,2506,-8022,2575,15716,-7086,-10410,1169,86.00807313642757,433.9840787623066,17775
23,23,25,24,25,65,26,22,181,65,171,37,772,1125,27,22,23,22,24,21,24,21,25,22,2449,2659,1996,2871,1528,1995,1922,2793,2577,1016,19613,-4781,-13344,3329,85.43570477458627,429.9007513791136,21028
22,22,23,23,22,114,25,22,248,138,218,62,1346,1231,28,117,22,22,23,21,22,20,26,21,2387,2691,2385,2906,1534,2015,1760,2797,2324,4521,16339,-1629,-10670,3682,84.24658270963116,423.9125173665576,22313
22,22,22,23,31,196,35,21,653,294,278,162,1548,1221,80,254,23,22,22,20,25,20,26,21,2080,2622,2475,2840,1610,1961,1541,2698,2084,4889,10645,-2893,-5789,863,81.70502448836803,411.9896799020465,22868
22,22,22,23,47,288,330,22,805,453,491,342,1560,1193,179,355,22,21,36,18,75,20,25,51,2032,2557,2410,2743,1608,1947,1263,2602,631,1822,10722,-3498,-1445,-171,80.58537567842605,397.9941909769335,23584
22,22,35,23,60,383,644,79,880,527,516,440,1584,1185,284,453,22,21,110,18,81,43,190,120,2046,2535,2448,2691,1648,1906,975,2486,16,2521,8747,-2585,-20,-105,80.92223311680353,385.4422519099562,24477
22,22,72,23,69,415,862,119,883,577,580,478,1562,1152,287,461,22,21,131,18,116,84,330,203,2089,2529,2391,2681,1663,1889,808,2422,16,2521,8747,-2585,-20,-105,81.72603178415596,377.5392298146592,24981
22,22,78,23,91,447,1000,144,884,600,611,491,1559,1122,303,475,22,21,158,18,152,126,390,259,2078,2518,2357,2674,1633,1848,683,2343,-156,1987,8813,-1647,184,7,82.23274491094148,372.0221851145038,25152
22,22,119,23,111,459,1056,171,923,614,636,512,1538,1128,311,484,23,48,182,19,192,154,441,305,2023,2486,2292,2644,1606,1817,613,2269,-529,2012,8491,-1033,18,69,82.40070514598106,366.7118012914472,25243
22,26,134,23,129,497,1124,188,989,660,692,540,1537,1115,322,513,27,51,193,20,214,188,509,328,1900,2419,2218,2595,1580,1753,498,2186,-489,1998,8494,-369,-283,139,82.15192536720922,360.4443231441048,25190
22,36,145,23,136,528,1172,207,1136,703,736,580,1539,1128,348,551,29,50,207,19,225,204,568,353,1703,2341,2126,2512,1548,1673,419,2066,-533,2119,8401,75,-577,177,81.38443254903527,353.6280709463508,25033
22,40,168,24,156,583,1222,250,1282,770,786,643,1546,1149,361,578,30,62,228,18,250,222,581,388,1501,2221,1987,2394,1488,1551,315,1908,-533,2119,8401,75,-577,177,80.35566655880925,344.78587607183306,24724
22,48,195,25,178,657,1268,315,1452,864,867,707,1542,1138,381,619,33,71,255,19,281,252,611,438,1216,2050,1803,2221,1412,1418,225,1677,-448,2174,8226,244,-839,234,79.03336768342952,332.7435490519373,24260
23,53,223,26,206,766,1326,378,1639,992,965,814,1508,1095,392,616,36,93,294,21,324,291,663,494,908,1839,1579,1986,1326,1266,91,1459,-410,2338,8080,131,-1019,264,77.59121222353536,317.40131690021946,23692
38,58,257,27,243,878,1380,466,1774,1095,1047,935,1416,1003,383,560,43,138,344,21,387,362,712,607,629,1641,1356,1737,1272,1121,32,1223,-267,2310,7958,-204,-1049,334,76.89620444252749,300.6327582488678,23185
46,65,318,28,293,975,1398,536,1862,1191,1122,1037,1331,887,367,515,72,182,398,23,473,426,745,738,450,1441,1152,1460,1148,1029,27,982,-216,2168,8030,-516,-903,301,76.58597085882819,284.24133908526653,22717
50,76,377,29,351,1055,1415,621,1910,1266,1202,1142,1191,754,354,470,121,229,433,24,543,549,810,863,291,1260,978,1218,1094,928,23,684,-103,1995,8058,-574,-712,342,76.95522388059702,267.3642821926404,22311
50,84,430,30,418,1126,1412,704,1954,1351,1234,1244,999,641,370,424,181,282,506,25,634,642,844,975,181,1079,825,993,1046,819,23,489,-103,1995,8058,-574,-712,342,77.24942084942084,251.54094935271405,22015
51,89,480,31,489,1192,1415,810,1996,1458,1254,1326,862,547,373,408,252,307,576,51,720,754,867,1108,59,927,727,809,955,711,23,238,-72,1932,8161,-381,-627,263,77.64184770180654,235.61310313286077,21865
51,106,527,32,562,1276,1435,856,1999,1552,1288,1393,780,449,392,404,323,352,599,59,788,813,869,1178,53,771,630,663,886,626,22,156,-31,2037,8154,-152,-538,204,77.69677935130197,224.8107811786204,21890
51,115,580,35,621,1358,1462,910,2023,1700,1323,1473,724,340,410,435,391,357,650,42,839,883,887,1219,23,599,520,553,799,552,23,77,-55,2104,8124,0,-508,242,77.21056703376718,214.42846090834624,21974
50,107,615,35,695,1468,1468,961,2045,1821,1361,1565,614,262,417,386,451,401,686,40,912,954,914,1297,23,459,422,386,708,456,22,33,-28,2198,8117,-53,-542,308,77.27999909231188,203.7328900789689,22034
48,109,679,39,771,1544,1482,1020,2029,1923,1367,1698,568,154,440,338,555,445,743,43,965,1045,942,1411,22,352,348,95,652,329,22,22,-28,2198,8117,-53,-542,308,77.68472972972972,192.19635135135132,22200
63,118,730,47,876,1620,1514,1038,1997,1966,1387,1807,465,106,444,295,688,512,804,43,1042,1172,965,1563,22,261,270,24,558,236,22,22,45,2289,8099,-231,-640,384,78.92534285840279,183.45250694536315,22677
62,119,805,75,970,1670,1569,1067,1964,2039,1392,1820,336,42,430,244,814,608,828,68,1110,1270,980,1671,22,133,204,24,518,148,22,21,15,2098,8385,-283,-825,471,80.1057713169885,175.3142981123888,23045
86,136,866,113,1091,1697,1607,1078,1895,2107,1382,1804,225,21,407,215,958,695,890,111,1197,1377,1009,1740,22,31,136,24,366,60,21,21,75,2226,8545,-189,-1125,568,81.4077090815803,166.7964554472379,23388
127,170,928,178,1239,1697,1675,1117,1845,2099,1387,1789,111,22,362,153,1057,784,921,184,1281,1463,1001,1838,21,19,61,23,275,27,21,21,150,2381,8595,11,-1555,887,82.8058880147305,160.33193839973217,23896
156,190,983,261,1333,1694,1730,1206,1802,2034,1362,1755,58,21,334,134,1151,916,990,222,1348,1549,1012,1856,21,20,30,23,174,21,21,21,296,2541,9005,615,-2178,1531,84.0597060749959,155.81787293270017,24428
215,206,998,315,1409,1685,1800,1248,1715,1975,1333,1701,28,21,253,69,1244,1030,1026,289,1377,1602,1028,1921,21,20,20,24,123,20,21,20,296,2541,9005,615,-2178,1531,85.69626772226037,151.84368057519086,24757
248,222,1032,391,1459,1666,1852,1245,1621,1904,1274,1558,22,21,148,36,1371,1140,1069,371,1421,1657,1016,2000,21,20,20,23,78,20,21,20,311,2388,9838,357,-3845,1738,87.64573236672408,147.7855369087195,24967
291,232,1087,492,1515,1645,1954,1254,1527,1838,1188,1352,22,21,64,21,1442,1247,1121,440,1458,1697,933,2044,20,20,20,24,21,21,21,20,537,2280,9937,143,-5852,1986,89.22796583107137,143.66437809356538,25052
344,249,1143,624,1539,1609,2037,1248,1429,1776,1064,923,22,21,23,21,1504,1321,1185,558,1472,1761,700,2066,21,20,20,25,21,20,22,20,448,1693,11019,24,-8736,2240,90.88368671396324,138.861939696872,24808
416,261,1228,768,1545,1555,2114,1229,1296,1702,795,402,22,21,24,21,1566,1410,1279,651,1486,1819,623,2106,20,20,21,25,21,20,22,20,1989,3089,8884,-201,-12531,2712,93.35757711767586,133.50632446548065,24508
507,249,1330,925,1550,1456,2048,1189,1028,1619,678,140,22,21,24,21,1660,1496,1377,700,1486,1924,520,2147,21,20,20,25,21,20,24,20,1989,3089,8884,-201,-12531,2712,95.78775527009223,128.84926712779975,24288
596,251,1324,996,1536,1254,1936,1149,748,1505,470,50,22,21,26,21,1788,1586,1456,721,1486,2222,498,2181,21,20,21,25,21,20,24,20,-180,2459,11634,-1996,-14427,3453,98.9229439933375,125.23701853008536,24015
651,281,1348,1077,1375,955,1429,1062,619,1304,423,23,22,21,27,21,1747,1691,1456,735,1579,2310,534,2254,21,21,21,25,22,21,25,20,1407,6105,15548,-3698,-19171,5217,101.50843425605537,122.2277465397924,23120
651,357,1267,1068,1076,729,1289,865,573,913,486,22,23,22,27,21,1744,1862,1446,787,1600,2153,674,2313,22,21,21,25,23,22,25,21,2123,7308,15871,-8571,-25042,7745,104.79463156944192,120.67254379627956,22148
616,362,981,1091,641,642,1296,855,507,724,697,22,25,23,26,22,1826,1724,1246,772,1401,1974,831,1844,22,21,23,25,25,23,25,22,6337,5842,22117,-10065,-29930,9742,105.28457263696272,121.33116946985344,20334
621,201,572,1000,371,622,1134,820,377,549,592,23,27,24,27,25,1807,1056,805,479,1100,1419,699,1271,22,21,26,27,27,25,26,25,9543,4720,22731,-6658,-30090,9800,103.90515170670038,121.98561946902656,15820
577,32,385,246,256,482,854,270,307,239,262,28,28,27,30,27,1229,467,494,125,705,929,257,977,25,17,28,31,29,28,28,28,9543,4720,22731,-6658,-30090,9800,107.08140150312268,128.77813062347835,9447
189,34,124,40,112,206,447,29,171,31,188,31,30,30,32,30,84,115,361,41,395,273,30,524,31,29,31,31,30,30,30,30,2878,4826,17862,-3662,-25079,8806,102.57244655581948,160.18738453417788,3789
33,34,31,40,32,59,115,31,31,32,204,32,32,31,34,33,32,31,31,31,31,32,31,119,31,32,33,30,32,32,32,32,-4464,7947,15377,925,-18757,8879,86.96525787965616,216.41010028653292,1396
32,34,31,39,31,31,31,31,32,33,31,36,31,31,35,32,32,32,31,31,31,31,33,32,32,31,31,31,31,31,33,32,-12343,6401,10631,3134,-14878,9442,82.78947368421052,230.6432748538012,1026
32,34,31,40,31,32,32,31,31,33,55,36,31,31,35,32,31,31,39,31,31,31,31,31,33,32,31,31,31,32,32,32,-11685,6954,14234,2623,-1326,7644,82.71570482497634,229.65941343424788,1057
31,34,31,40,32,32,31,31,31,34,36,36,31,31,35,32,31,31,38,31,31,31,31,31,32,32,31,31,32,33,32,32,-11685,6954,14234,2623,-1326,7644,82.6912331406551,230.40558766859343,1038
32,34,31,40,32,32,31,31,31,33,32,37,31,32,35,32,32,33,31,31,32,32,34,32,31,32,31,32,32,33,34,32,-8336,3627,8492,1642,9160,4409,82.91730769230769,231.1129807692308,1040
32,34,31,40,32,31,31,31,32,35,33,37,32,32,35,32,32,32,32,33,32,32,33,31,32,31,33,32,32,32,33,32,-5431,4274,5581,-37,11337,1645,82.68438697318008,230.84530651340995,1044
32,34,31,39,32,31,31,31,32,33,34,36,31,32,35,31,32,31,33,31,32,31,33,31,32,31,32,31,31,31,32,31,-4516,5490,5011,1620,12212,-522,82.80728155339806,230.16456310679607,1030
32,34,32,41,32,32,32,31,31,35,35,36,32,32,35,31,31,31,33,31,32,32,33,31,32,31,33,32,32,32,32,31,-3030,4337,6698,6172,14305,-2508,82.7236084452975,230.3829174664108,1042
32,34,31,39,32,31,31,31,32,33,56,37,32,32,35,32,31,31,38,31,32,32,31,31,31,31,31,31,32,32,32,32,-1972,2257,8034,8932,16522,-4701,82.50472143531634,229.5236071765817,1059
33,34,31,40,32,32,31,31,32,34,67,36,32,31,35,31,31,31,25,31,31,31,31,31,32,31,32,32,32,32,31,32,-1972,2257,8034,8932,16522,-4701,82.06616257088847,230.6436672967864,1058
31,34,31,40,33,32,32,32,31,33,115,37,33,31,35,32,32,32,32,32,32,32,31,31,32,32,32,32,32,31,31,32,-948,1655,9029,8969,17814,-6499,82.13482142857143,228.57544642857144,1120
32,34,31,39,31,32,32,31,32,33,179,37,32,32,35,32,30,31,31,31,32,32,31,31,31,31,31,31,31,31,31,31,-187,1783,9916,8636,18578,-7324,81.52092228864218,227.1725021349274,1171
32,34,32,41,33,32,31,31,31,33,207,37,32,32,35,31,32,32,32,32,32,32,31,33,31,31,31,31,31,32,32,32,991,1907,11533,8804,19048,-7339,81.66391412056151,225.78736581337736,1211
33,34,31,40,32,32,31,31,32,33,240,36,32,31,35,32,31,31,31,32,32,33,32,31,31,31,31,32,32,31,31,31,1499,1942,13518,9411,19347,-6742,81.40953150242326,225.5294830371567,1238
32,35,31,40,32,31,32,32,33,34,249,37,32,32,36,32,32,32,31,31,32,32,31,32,32,31,31,31,31,32,31,31,1499,1942,13518,9411,19347,-6742,81.19114126097367,225.36552274541103,1253
32,34,31,40,32,31,32,32,33,34,247,37,31,31,35,31,32,31,31,31,31,32,31,31,32,32,31,31,33,33,32,31,2889,1628,15735,9616,19695,-6199,81.23477564102564,226.21714743589743,1248
32,34,30,39,31,31,31,31,32,33,229,36,31,31,35,33,31,31,31,31,31,32,32,32,31,31,31,31,32,32,31,31,4554,1720,18219,8381,19947,-6661,81.45,226.37581967213117,1220
31,34,31,40,32,32,32,31,32,33,218,37,32,33,36,32,32,31,31,32,32,32,31,31,31,31,31,31,31,32,32,31,7141,2885,19883,6307,19919,-8988,81.30993431855501,226.51642036124795,1218
32,34,32,40,31,32,31,31,33,33,249,36,32,31,35,32,32,32,31,31,31,31,31,32,32,31,31,31,33,32,32,32,12220,4562,22272,6015,19137,-11221,81.26020816653323,226.1613290632506,1249
32,35,31,40,32,32,31,31,31,34,267,36,32,31,35,32,31,31,31,32,32,33,31,31,31,32,31,31,32,31,31,32,19443,2776,21872,6991,17328,-11179,81.1905138339921,225.28181818181815,1265
32,34,30,39,31,31,31,31,31,34,360,36,31,32,35,31,32,31,30,31,31,31,31,32,32,32,30,31,32,32,32,31,19443,2776,21872,6991,17328,-11179,80.80074074074074,224.70888888888888,1350
32,34,30,39,31,31,31,31,31,34,400,36,32,31,36,32,31,31,31,32,33,32,31,32,31,31,30,31,32,31,31,31,25750,-2360,10807,5376,13567,-10001,80.625,223.28735632183907,1392
33,34,30,40,31,46,118,31,32,31,441,31,31,31,35,32,31,31,30,31,31,31,31,31,31,31,30,31,32,31,31,31,32764,-1592,8723,4990,9523,-7652,81.51576872536137,219.65867279894877,1522
32,34,30,39,31,80,68,32,33,32,486,32,32,32,35,32,31,33,31,32,31,31,32,32,31,31,30,31,32,31,31,32,32764,-14311,3806,4628,2096,-4415,80.24359795134443,219.61235595390525,1562
31,34,31,39,32,32,32,31,99,35,369,38,31,33,35,33,32,32,30,33,31,31,31,31,31,32,31,31,148,141,31,31,-2073,-2037,4373,-1195,-6902,-1243,78.84446450060169,247.1477135980746,1662
30,32,30,36,30,29,31,29,31,31,341,33,30,341,34,29,28,29,30,28,30,28,30,28,961,807,222,1140,515,703,342,1101,-2073,-2037,4373,-1195,-6902,-1243,85.35572208992856,408.1725031517019,7139
25,27,29,27,29,23,27,24,64,26,141,25,170,1015,30,25,24,25,28,23,28,23,27,24,2143,2054,1044,2457,940,1604,1437,2336,-10091,4242,11360,-5264,-7948,1786,85.80315875408189,433.7695302687767,15924
23,24,26,24,26,49,25,22,167,55,167,24,545,1098,28,22,23,22,26,21,26,21,25,22,2406,2543,1700,2817,1283,1908,1832,2748,466,3715,16665,-4987,-11164,3792,85.49131557626089,431.6572817500506,19748
22,23,24,24,23,99,25,22,239,130,189,43,1311,1242,27,84,22,22,24,21,22,20,25,22,2472,2686,2319,2923,1432,2003,1837,2831,1600,3267,17359,-2013,-10848,3759,84.3314121037464,425.69711365273776,22208
22,22,22,23,21,131,25,21,480,222,245,113,1635,1239,28,217,23,22,22,20,21,20,25,21,2245,2681,2488,2887,1512,1977,1803,2771,1880,5894,11817,-2583,-6394,1180,82.5047383063815,418.219418362024,23004
22,22,22,23,42,252,128,21,792,386,376,250,1646,1241,152,386,22,21,22,20,33,20,25,21,2112,2593,2463,2798,1545,1959,1504,2659,-178,1686,10133,-3317,-2392,-37,80.46439477479007,405.2437441682925,23578
21,22,21,23,48,341,328,36,903,507,476,451,1699,1207,297,541,22,21,41,18,76,20,25,43,2064,2538,2452,2682,1563,1918,1296,2537,-178,1686,10133,-3317,-2392,-37,79.3392540330899,393.94514585138427,24237
21,22,22,22,62,401,650,75,944,573,628,540,1699,1187,397,569,22,21,73,18,80,25,36,91,2052,2512,2392,2611,1580,1892,1003,2445,86,2662,8747,-2101,-295,-92,79.2907561321711,383.89444557064667,24665
22,22,49,23,61,436,872,98,1018,632,706,607,1690,1195,423,609,22,21,107,18,81,56,209,126,1974,2470,2295,2572,1588,1851,886,2359,-273,2107,8586,-1038,-83,39,79.33881185751852,375.2530480516376,25098
21,21,68,23,77,492,1024,138,1146,689,784,664,1691,1173,498,655,22,21,123,21,104,78,251,178,1832,2418,2215,2506,1560,1789,595,2240,-489,2193,8531,-439,-339,169,78.92329896086316,365.7961539992834,25117
22,22,79,23,101,537,1113,167,1286,760,860,756,1677,1169,555,713,23,21,126,19,126,99,286,194,1659,2331,2112,2400,1529,1722,538,2140,-454,2294,8345,-5,-503,263,77.87097158752235,358.05763957878,25165
22,23,106,23,120,595,1168,207,1436,889,941,840,1678,1181,635,772,23,21,141,19,157,117,274,207,1446,2168,1961,2266,1478,1623,416,1989,-454,2294,8345,-5,-503,263,76.25362841792959,348.4203151311042,24942
22,32,129,23,144,667,1250,251,1619,1036,1045,959,1682,1193,685,837,24,21,159,19,189,128,298,229,1174,1975,1780,2079,1406,1488,256,1799,-505,2337,8305,258,-752,291,74.38179933327913,336.00148386047647,24598
22,45,148,24,170,767,1282,321,1826,1222,1169,1117,1680,1179,724,911,24,21,192,23,220,154,341,245,876,1743,1545,1846,1327,1335,164,1585,-417,2414,8127,322,-995,349,72.00507258330585,321.520145991422,24248
23,60,175,25,202,887,1334,411,2023,1382,1289,1276,1663,1148,749,960,24,22,213,24,260,191,357,299,617,1501,1314,1556,1232,1144,59,1318,-316,2430,8013,242,-1127,330,69.80771337096638,305.25823574016346,23738
23,78,209,28,287,1029,1365,548,2208,1588,1415,1491,1619,1064,768,1030,24,23,250,22,314,222,362,341,355,1218,1057,1234,1119,1022,26,961,-240,2538,7835,63,-1123,407,67.18221030042919,286.4065236051502,23300
23,87,242,33,341,1179,1385,657,2362,1763,1520,1680,1554,930,782,1061,24,34,276,27,379,266,379,378,173,979,871,925,1009,874,23,700,-100,2426,7974,-122,-959,438,65.19019462384361,269.51008029324487,22916
23,96,276,41,411,1325,1412,743,2463,1916,1602,1831,1477,792,807,1087,23,48,300,27,434,315,388,425,65,769,737,706,932,757,24,465,-100,2426,7974,-122,-959,438,63.86917286613549,255.18343091077168,22717
23,99,327,48,471,1475,1409,864,2524,2061,1658,1948,1412,689,852,1094,23,58,322,28,486,368,403,469,24,577,600,534,825,607,23,244,-84,2300,8050,-78,-810,368,62.69554224883567,241.94149478820137,22545
24,106,382,54,531,1579,1415,952,2556,2166,1714,2072,1317,582,875,1071,24,76,348,31,552,438,424,522,23,428,481,389,762,515,22,118,-62,2349,8104,40,-713,339,62.28939199077564,231.29389329903765,22549
24,112,422,59,592,1670,1415,1043,2578,2280,1775,2161,1191,484,905,1001,30,67,367,34,622,480,436,553,23,326,378,256,727,449,22,76,17,2376,7953,44,-602,280,61.83325206135296,222.7916703608476,22558
42,119,462,63,674,1742,1428,1129,2592,2360,1803,2254,1091,403,905,962,33,73,390,40,679,520,474,584,23,260,305,103,693,393,22,34,107,2415,7950,22,-473,256,61.74085190907085,215.0222688148312,22655
42,123,506,65,707,1838,1446,1190,2623,2411,1804,2307,1011,297,917,929,35,90,428,43,718,554,490,598,22,216,275,56,668,346,22,22,107,2415,7950,22,-473,256,61.82308434580464,209.9586823983508,22799
44,124,551,65,778,1915,1451,1230,2645,2447,1793,2367,951,235,936,906,40,121,468,44,753,622,516,644,22,173,250,27,615,300,22,22,56,2392,8039,23,-344,236,62.23969753434155,205.54898817003945,23077
46,122,598,64,852,1953,1474,1284,2654,2505,1773,2393,850,214,936,883,65,156,503,48,812,680,534,684,22,112,226,23,589,251,21,22,75,2442,8099,-23,-363,218,62.74915413936357,201.22926035376247,23349
46,123,657,62,934,2016,1501,1349,2644,2557,1726,2404,717,162,908,756,109,203,576,57,880,751,578,756,22,63,176,23,547,182,22,22,73,2498,8140,-112,-482,271,63.843469760720815,194.8628926006205,23529
55,131,759,69,1048,2036,1526,1401,2638,2577,1683,2408,610,86,874,673,158,249,631,61,939,840,617,856,22,29,139,22,485,144,21,22,110,2480,8178,-144,-674,295,65.17587886933512,188.86666806669743,23809
76,138,827,79,1147,2067,1575,1471,2592,2569,1652,2442,476,42,854,506,227,306,682,51,1013,932,636,977,21,20,87,22,399,98,21,21,133,2556,8398,-116,-942,409,66.77634645800383,182.4576916673604,24026
79,156,873,88,1260,2072,1600,1537,2511,2534,1640,2433,332,21,803,390,380,375,729,69,1113,1043,689,1094,21,20,40,22,335,39,21,21,133,2556,8398,-116,-942,409,68.96815940838127,176.10858668857847,24340
94,175,936,105,1366,2067,1671,1573,2437,2525,1604,2420,157,22,724,276,500,420,754,90,1207,1114,716,1243,21,19,23,22,254,21,21,21,143,2700,8587,-24,-1427,589,70.98225465484998,170.42491259451987,24598
119,185,992,133,1456,2021,1770,1598,2335,2481,1556,2368,80,21,583,166,654,514,813,139,1289,1227,755,1397,21,19,20,22,173,21,21,21,232,2658,9019,783,-2162,1300,73.70897076491791,165.00484581497798,24970
141,204,1024,163,1544,1972,1895,1577,2200,2418,1483,2301,37,21,395,104,805,597,879,196,1347,1324,758,1547,21,19,20,22,82,20,21,21,378,2347,9406,269,-3851,1623,76.3490937276413,160.00222593210907,25158
183,230,1066,245,1586,1923,1969,1576,2056,2304,1396,2136,23,21,307,37,968,750,944,276,1403,1406,734,1648,20,19,20,23,30,20,21,20,587,2587,9437,27,-5719,1921,79.02182570977918,154.96409700315456,25360
224,253,1146,330,1619,1884,2092,1572,1918,2172,1235,1888,22,21,134,21,1105,912,1019,413,1420,1464,673,1706,21,20,20,23,21,20,22,20,587,2587,9437,27,-5719,1921,81.64024006296734,149.83945297127116,25410
257,271,1210,464,1643,1842,2163,1537,1766,2069,1102,1374,22,21,40,21,1233,1039,1093,582,1432,1519,560,1776,21,19,20,24,21,20,22,20,575,2493,10670,-26,-8281,2247,84.39207634011824,144.11756536920208,25203
308,281,1297,563,1659,1791,2160,1483,1568,1981,932,645,22,21,24,21,1362,1126,1194,782,1436,1586,451,1850,21,20,20,25,21,20,23,20,1110,3245,8407,-557,-11404,2868,87.64860599684377,137.6108930522397,24713
387,282,1346,681,1665,1725,2078,1449,1302,1890,740,311,22,21,25,21,1489,1224,1281,868,1437,1629,400,1871,21,20,21,26,21,20,24,20,1179,4059,11949,-1693,-12782,3511,90.20037422379406,132.6154747707365,24317
493,289,1358,838,1656,1587,1868,1431,964,1773,626,105,22,21,26,21,1628,1300,1373,884,1445,1720,409,1899,21,20,21,26,21,21,24,20,1331,5060,14257,-2201,-16951,5160,92.97919280635718,127.87582601422,23910
577,310,1373,904,1580,1239,1454,1350,822,1495,541,39,22,21,27,21,1655,1407,1372,908,1461,1681,504,1938,21,21,21,25,21,21,25,20,3113,8353,16079,-5214,-22782,7411,95.6265518447281,124.18375152998776,22876
593,378,1307,932,1243,1032,1317,1116,678,1218,546,23,23,22,27,22,1708,1511,1353,961,1560,1774,631,1998,22,21,21,25,23,22,25,21,3113,8353,16079,-5214,-22782,7411,99.32092718819122,122.52017785401526,22153
587,378,1055,951,798,998,1300,1160,574,965,750,23,25,23,27,23,1758,1408,1094,951,1430,1660,759,1455,22,21,23,25,25,23,25,23,5342,5558,21156,-7864,-27689,9181,99.36348886375929,123.1428536309553,20339
689,259,569,956,413,763,1077,985,429,726,702,24,27,25,28,25,1679,747,771,549,989,1214,453,1007,22,21,26,28,28,25,27,25,8331,4762,23130,-7856,-28632,9449,97.92931800365822,122.2968709171675,15308
760,32,376,229,221,630,754,306,363,452,341,29,29,27,31,28,925,352,467,111,648,741,193,893,25,22,28,30,29,28,29,28,8716,5724,20319,-4364,-26100,8466,100.52779294528776,131.24707873757782,9157
239,34,91,40,117,345,334,31,216,89,240,32,30,30,33,30,149,83,292,36,310,150,30,436,30,30,31,31,31,30,31,31,-673,7178,11013,-1544,-21518,8445,95.59557618787548,160.98962315674495,3662
31,34,31,39,33,131,81,32,91,31,197,31,32,31,34,32,32,32,31,32,32,32,32,96,31,31,31,31,32,31,31,32,-673,7178,11013,-1544,-21518,8445,81.6945205479452,215.1609589041096,1460
32,35,31,39,32,32,31,31,33,33,74,36,32,32,35,31,32,31,32,32,32,32,34,32,32,32,32,32,32,32,33,31,-8225,6660,12700,6103,-17252,9245,82.55499075785582,229.8812384473198,1082
32,34,31,38,30,31,34,32,31,34,89,38,31,31,34,34,32,31,31,30,31,34,33,32,31,31,33,31,32,31,32,30,-7422,8864,12877,3452,-11938,9935,82.49357208448117,229.07667584940316,1089
31,33,31,40,31,32,31,31,31,34,79,36,31,34,34,32,31,30,33,30,34,31,33,31,32,31,31,31,31,31,32,31,-10982,4468,11766,1022,4629,6429,82.3012104283054,229.78351955307264,1074
32,35,31,40,32,31,31,31,31,33,42,36,31,31,36,33,31,31,37,32,31,32,31,31,31,32,32,31,31,31,31,31,-5985,3376,8103,-485,12793,2766,82.73224568138195,229.0023992322457,1042
32,34,32,40,31,32,31,32,31,33,44,37,32,32,35,32,31,31,35,31,32,31,33,31,31,32,31,31,32,32,31,32,-4676,3585,4796,-1222,14339,387,82.58357211079274,229.7951289398281,1047
32,35,32,40,32,32,32,32,33,35,67,36,31,32,35,32,31,32,32,31,32,32,32,31,33,33,32,32,32,32,32,32,-4676,3585,4796,-1222,14339,387,82.32993512511585,230.1450417052827,1079
32,34,31,39,32,32,31,31,32,33,95,37,31,32,35,33,31,31,31,31,31,32,33,33,31,32,31,32,32,32,31,31,-2663,4929,5336,637,15565,-1170,82.28949771689497,229.20958904109588,1095
33,34,31,40,31,32,31,31,32,33,97,36,31,31,35,32,32,32,31,31,31,32,31,31,32,31,31,31,32,32,31,31,-1023,4242,6494,4427,17233,-2216,82.2815934065934,228.38965201465203,1092
31,35,31,40,31,31,31,31,32,33,93,36,32,31,35,32,31,31,31,32,31,31,31,32,32,33,32,32,32,32,32,32,122,2359,7792,6190,18325,-4036,82.19505494505495,230.2234432234432,1092
32,33,31,39,32,32,32,33,32,34,100,37,32,33,35,32,31,31,31,31,31,31,31,31,31,31,32,32,31,31,31,31,965,2888,8712,5243,18547,-6285,81.8404740200547,229.05332725615315,1097
32,34,31,41,32,32,32,32,31,33,127,37,32,32,35,33,31,32,32,31,31,32,32,32,31,32,32,31,31,31,31,31,965,2888,8712,5243,18547,-6285,82.05757307351638,227.68821966341892,1129
32,34,31,39,31,31,31,31,31,33,141,36,31,31,35,32,30,31,31,31,31,31,31,31,32,31,31,31,32,31,31,31,1636,4601,10091,5549,18930,-7765,81.84738243123336,228.25776397515529,1127
32,34,31,39,31,32,31,31,32,33,169,36,32,32,35,33,32,32,31,32,32,32,32,32,31,31,31,31,32,33,32,32,9281,4775,8640,7064,19197,-8659,81.80785653287788,227.6605465414176,1171
32,34,31,39,32,31,31,31,32,33,223,36,32,32,36,32,31,31,31,32,33,33,32,31,31,31,31,31,31,31,31,31,5211,4295,13708,7657,18830,-8664,81.46636587366694,225.98154224774404,1219
33,34,32,40,32,32,31,31,32,33,231,36,31,31,35,31,31,31,31,31,31,31,31,31,31,31,31,31,31,31,31,32,5774,2310,15536,8324,18911,-8164,81.29173486088379,225.56914893617025,1222
33,34,31,40,32,32,32,31,32,33,223,36,31,32,36,32,32,31,31,31,31,31,31,31,31,32,31,31,31,31,31,31,6938,2518,16667,6153,18768,-8695,81.36863711001642,225.8838259441708,1218
31,34,32,40,32,32,31,31,32,33,241,36,32,31,35,32,32,31,31,31,32,33,32,32,31,31,31,31,33,32,32,32,6938,2518,16667,6153,18768,-8695,81.41062801932367,226.13204508856683,1242
32,34,31,39,31,32,31,32,31,33,265,37,31,31,36,33,32,31,31,32,32,31,31,32,32,31,31,32,31,31,31,31,9452,4432,17909,4664,18422,-9869,81.20420301348136,225.4282315622522,1261
32,34,31,40,31,32,31,31,31,34,291,36,31,32,35,32,32,31,31,31,31,31,31,31,31,31,31,31,32,32,31,31,14036,4286,18738,5373,17612,-9808,81.0132501948558,225.08028059236165,1283
32,33,31,40,32,32,32,32,31,33,341,36,32,31,36,31,33,32,30,31,32,32,32,31,32,32,31,31,32,32,32,31,18932,2778,16653,5783,15572,-8091,81.04436987322893,224.53318419090232,1341
33,34,30,40,32,32,32,33,31,33,411,37,31,31,36,31,31,33,30,31,32,31,31,31,31,32,30,32,33,32,32,32,23200,-207,11378,6071,12163,-5907,80.51913536498937,223.574415308292,1411
32,34,30,40,32,32,32,31,32,34,449,36,31,32,35,32,32,31,30,31,31,31,31,31,32,31,30,31,32,32,31,32,23200,-207,11378,6071,12163,-5907,80.27234927234927,223.15939015939017,1443
32,33,30,41,32,32,113,32,31,31,483,31,32,31,34,32,31,31,30,31,31,31,31,31,33,32,30,32,32,32,32,31,30833,-2112,7792,7049,7984,-3379,81.5338491295938,220.861057382334,1551
32,34,30,40,31,44,134,31,29,31,472,31,32,31,34,32,32,32,31,31,32,32,31,32,32,32,30,31,32,33,32,32,31672,-8029,5190,6935,2904,-1094,81.93428571428572,219.68349206349205,1575
32,34,30,40,32,37,60,32,32,33,488,35,32,31,35,32,32,32,31,32,32,32,31,32,32,31,30,31,31,32,31,31,29048,-10953,8990,2021,-3711,-697,80.68675889328063,220.88603425559947,1518
32,35,30,40,32,31,31,31,32,33,421,36,32,31,35,32,31,30,30,32,32,32,31,31,32,32,31,32,57,33,31,31,-1253,2972,3192,-1860,-6039,-545,80.56830790568655,226.68134535367545,1442
31,33,31,36,30,30,31,30,32,32,356,32,30,284,35,30,29,29,31,28,30,28,31,29,713,741,188,1203,452,656,262,967,-1253,2972,3192,-1860,-6039,-545,85.03815384615385,402.47207692307694,6500
26,27,30,28,28,24,28,25,79,26,155,26,211,1018,30,25,25,25,29,24,28,23,27,24,1975,2000,920,2410,957,1491,1322,2221,-3879,-900,5333,-5817,-6189,117,85.38078105579905,431.879701707333,15287
23,24,26,24,26,30,25,22,139,24,200,23,740,1135,28,23,23,23,26,22,25,21,25,22,2356,2560,1589,2782,1211,1837,1806,2711,688,842,17560,-4519,-11427,2701,85.11188686000716,431.6119124341466,19551
23,23,24,24,23,82,25,21,212,81,194,35,1443,1281,27,124,23,22,24,21,22,20,25,22,2422,2709,2168,2900,1327,1927,1902,2796,1750,3489,15670,-1832,-9714,3710,83.93484889859822,426.52309757873655,21972
22,22,23,24,21,136,25,21,526,187,217,131,1672,1288,48,265,23,22,23,20,21,20,25,21,2181,2694,2419,2869,1499,1963,1809,2723,1606,4520,11231,-2565,-5526,902,82.07881097560976,417.5403745644599,22960
22,22,22,23,36,212,109,21,785,332,359,250,1718,1281,172,417,23,21,22,20,29,20,25,21,2078,2635,2450,2790,1500,1928,1573,2607,10,2009,10143,-3260,-1956,-164,80.39440122433363,406.46112315606,23523
22,22,22,23,44,293,423,37,886,419,521,400,1714,1241,250,553,22,21,37,17,81,20,24,39,2036,2612,2412,2695,1554,1903,1428,2527,10,2009,10143,-3260,-1956,-164,79.69756770104536,395.33167338875626,24298
21,22,25,23,60,349,663,60,927,455,602,495,1696,1210,295,570,22,21,70,17,88,41,167,79,2046,2620,2394,2662,1571,1887,1159,2463,152,2566,8725,-2303,-366,-129,80.24285714285715,386.6399717514124,24780
21,22,55,23,62,392,810,92,920,489,635,513,1687,1200,340,576,22,21,105,18,95,65,234,129,2066,2610,2328,2660,1582,1858,1084,2416,-252,2043,8781,-1515,-107,-13,80.54761241543972,381.332908873856,25130
22,22,63,22,63,424,964,121,932,540,723,545,1690,1175,384,594,22,21,115,20,119,112,280,166,2022,2553,2260,2614,1560,1804,838,2346,-516,2219,8384,-918,-158,103,80.67894653087205,374.4147239019733,25136
22,22,66,23,82,470,1057,150,1033,602,792,592,1678,1167,420,630,23,21,133,21,146,148,317,202,1902,2501,2184,2552,1532,1751,686,2244,-440,2158,8558,-322,-288,191,80.28117922841591,367.0704437999126,25169
22,26,103,23,110,513,1114,177,1147,669,848,650,1671,1169,464,674,23,21,145,19,173,151,355,198,1747,2416,2081,2474,1491,1697,613,2159,-440,2158,8558,-322,-288,191,79.30203237481605,360.2376804677246,25143
23,31,124,24,128,552,1154,202,1248,720,914,705,1677,1178,515,719,23,21,155,18,203,163,398,230,1588,2320,1953,2384,1442,1613,474,2040,-502,2250,8293,56,-463,144,78.50208508761378,352.738822727455,24939
22,36,141,24,147,607,1201,231,1407,796,999,778,1668,1180,547,769,24,37,171,19,216,187,428,239,1347,2190,1807,2254,1391,1512,355,1879,-423,2336,8209,155,-688,219,77.26555325287497,343.3683205331383,24609
23,45,153,25,181,674,1247,283,1559,900,1083,887,1661,1184,557,806,24,45,200,19,242,231,453,277,1098,1999,1630,2074,1326,1364,284,1708,-351,2366,8060,81,-850,221,75.77561669829223,331.9540260704562,24242
23,55,194,26,206,751,1309,340,1728,1018,1177,998,1639,1163,600,823,25,50,223,19,282,274,491,328,834,1812,1433,1870,1263,1227,110,1503,-344,2377,7938,-98,-868,240,74.31814743212574,317.99964276708414,23794
23,63,222,27,251,839,1348,401,1813,1137,1255,1107,1587,1107,616,857,25,61,260,21,324,323,554,359,675,1638,1260,1680,1202,1119,41,1272,-221,2275,7983,-291,-785,312,73.34533600374995,305.54625644522093,23467
23,68,246,28,280,912,1380,499,1936,1254,1329,1217,1547,1030,614,875,29,81,280,21,360,376,574,430,506,1473,1121,1483,1135,1031,32,1039,-221,2275,7983,-291,-785,312,72.32625274677926,293.14584859321815,23209
24,69,287,29,327,996,1396,575,2021,1363,1392,1319,1500,949,604,901,32,88,303,22,397,418,619,489,373,1313,991,1317,1084,974,29,859,-113,2113,8075,-300,-648,262,71.47408933217693,282.1155247181266,23060
41,75,332,29,371,1085,1413,648,2115,1498,1455,1417,1469,887,613,910,32,114,323,22,432,446,640,511,251,1138,866,1142,1029,903,25,723,-160,2170,8099,-71,-558,217,70.27048573295578,271.154301895012,22955
49,91,386,31,429,1172,1424,728,2205,1616,1503,1539,1422,805,629,929,34,145,352,23,471,487,657,564,167,983,758,954,966,815,23,565,-153,2321,8105,98,-522,219,69.37795567577,259.694158450397,22922
50,98,431,31,474,1282,1436,800,2313,1750,1534,1665,1374,715,644,959,36,160,388,28,515,550,666,610,85,828,661,754,922,717,23,393,-125,2321,8003,63,-540,263,68.43056526297397,248.2534509872445,22892
50,99,488,32,546,1379,1457,906,2373,1856,1570,1785,1276,615,667,988,53,200,414,44,571,620,681,666,52,700,578,592,873,615,22,186,-125,2321,8003,63,-540,263,68.14431035985014,236.7064781737388,22954
50,106,569,34,621,1486,1489,1002,2419,1978,1589,1904,1169,503,670,971,77,234,459,46,636,693,709,719,23,533,462,450,817,523,22,88,-70,2308,8115,-44,-576,286,67.82538718493775,225.30237299900224,23051
48,113,616,36,708,1625,1514,1064,2459,2085,1626,2030,1037,375,684,918,99,266,513,47,720,786,717,827,23,384,377,246,754,391,22,47,-41,2288,8206,-61,-655,349,67.91222956341495,213.8326855810338,23157
47,124,661,39,823,1750,1529,1145,2484,2231,1626,2166,828,226,696,834,149,309,583,54,823,897,724,919,22,230,284,44,684,266,22,22,72,2133,8252,19,-813,410,68.16834473559658,201.05559141172927,23241
49,123,740,52,955,1851,1563,1192,2499,2341,1624,2211,625,145,692,705,201,342,634,67,930,979,749,1016,22,102,180,23,572,178,22,22,62,2327,8240,112,-1033,439,68.8336110399043,191.20947620268308,23406
